# file	expected_references	category	semantic_owner	reason	review
crates/nickel/src/remote_indicator.rs	4	test_only_inspection	trusted remote indicator contrast tests	Inspects production background and text paint colors to verify readable light and dark themes; production contains no PaintCommand variant references	Review when shared UI test helpers expose rendered contrast assertions
crates/nickel/src/session/state/protocol_tests.rs	3	test_only_inspection	compositor interaction regression tests	Inspects declarative text output and visible launcher labels for native pointer dispatch; test module only	Review when semantic scenario targets cover these compositor-hosted fixtures
crates/nickel-ui-workbench/src/fixture_inventory.rs	2	bounded_custom_paint	custom-paint fixture	Exercises the allocated-rectangle CustomPaint contract with frame-owned semantics and no parallel hit authority	Review if the graphical fixture can be expressed by a higher-level declarative primitive
crates/nickel/src/session/internal_ui.rs	78	bounded_custom_paint	compositor renderer adapter	46 production references translate the shared declarative display list into bounded Smithay render elements; 32 test references exercise rendering and pixel alignment without parallel semantic or hit-test authority	Review when Smithay presentation accepts the shared display list through a lower-level renderer contract
crates/nickel-terminal-ui/src/lib.rs	6	bounded_custom_paint	terminal viewport	Projects bounded Nickel-owned terminal cells into shared renderer primitives on one semantic node without a parallel hit authority	Review if Nickel UI gains a retained glyph-grid primitive with equivalent palette and attribute support
crates/nickel/src/internal_shell.rs	6	test_only_inspection	native shell regression tests	Inspects production text and image output to verify launcher focus and screenshot interaction; production contains no PaintCommand variant references	Review when the shared test toolkit can express the same native output assertions
crates/nickel/src/live_shell.rs	2	bounded_custom_paint	Windows output identification badge	Appends one bounded rounded badge and centered output number to the declarative desktop display list without parallel hit or semantic authority	Review when Nickel UI exposes an output-identification badge primitive
crates/nickel-codex-ui/src/lib.rs	2	test_only_inspection	Codex chat streaming regression test	Inspects rendered text variants to verify streamed output reaches the shared display list; production contains no PaintCommand variant references	Review when shared UI test helpers expose equivalent rendered-text assertions
crates/nickel/tests/plugin_panel.rs	1	test_only_inspection	plugin panel integration tests	Inspects host-owned image commands to verify plugin image projection; integration test source only	Review when semantic image assertions cover these cases
crates/nickel/src/plugin_panel.rs	23	test_only_inspection	plugin presentation tests	Inspects host-owned paint commands for CSS and component rendering; production contains no PaintCommand variant references	Review when semantic and pixel assertions cover these cases
crates/nickel/src/live_shell/tests/wallpaper.rs	1	test_only_inspection	wallpaper plugin tests	Inspects host-owned image and fill commands for wallpaper parity; test module only	Review when semantic image assertions cover wallpaper composition
crates/nickel/src/live_shell/tests/panel_and_cache.rs	1	test_only_inspection	panel and cache tests	Inspects a host-owned image command; test module only	Review when semantic image assertions cover panel output
crates/nickel/src/live_shell/tests.rs	10	test_only_inspection	live shell tests	Inspects rendered text and fill commands; test module only	Review when semantic scene assertions cover these cases
crates/nickel/src/wgpu_presenter.rs	14	bounded_custom_paint	Windows renderer adapter	Translates the shared declarative display list into GPU primitives without creating independent hit or semantic authority	Review when wgpu consumes the shared display list directly
