page	identity	value_shape	mutability	application_timing	current_component	intended_component	disposition	source_marker	evidence
Shell	settings-navigation	page destination	read/write	immediate	ResponsiveNavigation	ResponsiveNavigation	accepted	ResponsiveNavigation::try_new	Navigate and NavigateTarget use one shared responsive navigation authority for pointer, keyboard, controller, and accessibility activation.
Shell	settings-sidebar-search	validated text	read/write	immediate	SettingsSearchField	SettingsSearchField	accepted	SettingsSearchField::with_leading	Shared field owns editing, focus, and accessible search semantics.
Shell	settings-show-navigation	command	command	immediate	Button	Button	accepted	SettingsMessage::ShowNavigation	A command changes responsive navigation presentation; it is not durable state.
Shell	search-result-*	command destination	command	immediate	NavigationItem	NavigationItem	accepted	search-result-	Results navigate to stable targets and unavailable results use the shared unavailable state.
Display	display-card-*	single selected display	read/write	immediate	custom draggable semantic button	custom draggable semantic button	keep-custom	SettingsMessage::SelectDisplay	Display cards combine selection with two-dimensional drag geometry; no standard field has those semantics.
Display	display-page-scroll	viewport offset	read/write	immediate	VerticalScroll	VerticalScroll	accepted	SettingsMessage::DisplayScroll	DisplayScroll keeps every display and compatibility-scale control reachable in compact windows.
Display	display-enabled	confirmed binary state	read/write	staged until Apply	Switch	Switch	accepted	SettingsMessage::DisplayEnabled	The switch is independent binary state and prevents disabling the final output.
Display	display-scale	bounded ordered range	read/write	staged until Apply	SliderField	SliderField	accepted	SettingsMessage::SetDisplayScale	Quarter-step scale values are ordered and meaningful between bounds.
Display	display-identify	command	command	immediate acknowledged effect	Button	Button	accepted	SettingsMessage::DisplayIdentify	Identify performs an effect and does not represent durable state.
Display	display-primary	single primary display	read/write	staged until Apply	Button	Button	accepted	SettingsMessage::DisplayPrimary	The command applies to the selected display card; selected identity is already expressed by the card group.
Display	display-apply	command	command	asynchronous acknowledged effect	Button	Button	accepted	SettingsMessage::DisplayApply	Apply begins the risky display transaction.
Display	display-keep-revert	confirmation choice	command	pending transaction	Button pair	Button pair	accepted	SettingsMessage::DisplayKeep	DisplayKeep and DisplayRevert resolve a pending transaction rather than persist an enumeration.
Display	application-scale-policy	three-way enumeration	read/write	immediate plus restart notice	RadioGroup	RadioGroup	accepted	application_scale_policy_choices	ApplicationScaleFollow, ApplicationScaleUnchanged, and Custom are one exclusive semantic group.
Display	application-custom-scale	bounded ordered range	read/write	immediate plus restart notice	SliderField	SliderField	accepted	SettingsMessage::SetApplicationScale	Scale is an ordered bounded value; choosing it also selects Custom policy.
Network	network-wifi-power	confirmed binary/pending/unavailable	read/write	asynchronous acknowledged effect	Switch	Switch	accepted	SettingsMessage::SetWifiPower	Shared switch exposes confirmed, pending, disabled, and unavailable state without optimistic drift.
Network	wifi-network-*	network connection command	command	asynchronous acknowledged effect	custom network card	custom network card	keep-custom	SettingsMessage::WifiNetwork	The card combines identity, security, signal, saved, connection, and pending state; it is not a durable switch.
Network	network-list-scroll	viewport offset	read/write	immediate	VerticalScroll	VerticalScroll	accepted	SettingsMessage::NetworkScroll	NetworkScroll is shared viewport state and not a setting value.
Bluetooth	bluetooth-power	confirmed binary/pending/unavailable	read/write	asynchronous acknowledged effect	Switch	Switch	accepted	SettingsMessage::SetBluetoothPower	Shared switch reflects adapter-confirmed state and disables during a request.
Bluetooth	bluetooth-discovery	start/stop command	command	asynchronous acknowledged effect	Button	Button	accepted	SettingsMessage::BluetoothDiscovery	Discovery is a session command rather than a durable binary preference.
Bluetooth	bluetooth-device-*-action	connect/disconnect/pair command	command	asynchronous acknowledged effect	Button::semantic	Button::semantic	accepted	SettingsMessage::BluetoothDevice	The neutral device row presents identity, pairing, connection, and battery; one explicit trailing button owns the pending action.
Bluetooth	bluetooth-list-scroll	viewport offset	read/write	immediate	VerticalScroll	VerticalScroll	accepted	SettingsMessage::BluetoothScroll	BluetoothScroll is shared viewport state and not a setting value.
Nickel Bar	bar-display-scope	two-way enumeration	read/write	live acknowledged and persisted	RadioGroup	RadioGroup	accepted	SettingsMessage::BarPrimaryDisplay	BarPrimaryDisplay versus BarAllDisplays is mutually exclusive and rendered as one shared radio group.
Nickel Bar	bar-window-scope	two-way enumeration	read/write	live acknowledged and persisted	RadioGroup	RadioGroup	accepted	SettingsMessage::BarDisplayWindows	BarDisplayWindows versus BarAllWindows is mutually exclusive and rendered as one shared radio group.
Nickel Bar	bar-desktop-count	bounded integer range	read/write	coalesced live acknowledgement and persistence	SliderField	SliderField	accepted	bar-desktop-count	Every integer in the bounded workspace range is meaningful; numbered cards below are a read-only current-workspace preview.
Appearance	appearance-mode	three-way enumeration	read/write	live and persisted	ChoiceCardGroup	ChoiceCardGroup	accepted	ChoiceCardGroup::new	AppearanceLight, AppearanceDark, and AppearanceSystem are mutually exclusive preview choices.
Appearance	appearance-accent	bounded hue presets/custom	read/write	live and persisted	ColorSwatch group	ColorSwatch group	accepted	ColorSwatch::custom	Swatches communicate color values directly while retaining semantic selection.
Appearance	appearance-wallpaper-choose	file-selection command	command	asynchronous then persisted	Button	Button	accepted	SettingsMessage::WallpaperChoose	Choosing invokes a native file dialog and is not a setting value itself.
Appearance	appearance-wallpaper-remove	command	command	live and persisted	Button	Button	accepted	SettingsMessage::WallpaperRemove	Remove clears the durable wallpaper through a command.
Appearance	appearance-wallpaper-position	six-way enumeration	read/write	live and persisted	SelectField	SelectField	accepted	SettingsMessage::ToggleWallpaperPositionSelect	ToggleWallpaperPositionSelect opens the menu and WallpaperPosition commits one symbolic choice.
Appearance	appearance-transparency	persistent binary state	read/write	live and persisted	Switch	Switch	accepted	SettingsMessage::SetReduceTransparency	Independent binary preference uses a shared switch.
Appearance	appearance-animations	three-way enumeration	read/write	live and persisted	SelectField	SelectField	accepted	SettingsMessage::SetAnimationLevel	ToggleAnimationSelect opens the symbolic Off, Reduced, and Normal choice menu.
Appearance	appearance-file-artwork	provider/theme enumeration	read/write	live and persisted	SelectField	SelectField	accepted	SettingsMessage::ToggleFileIconProviderSelect	SetFileIconProvider and SetFileIconTheme commit a potentially long installed-theme enumeration.
Appearance	appearance-hue	bounded ordered range	read/write	live and persisted	SliderField	SliderField	accepted	SettingsMessage::SetAccentHue	All hue values in the range are meaningful.
Appearance	appearance-intensity	bounded ordered range	read/write	live and persisted	SliderField	SliderField	accepted	SettingsMessage::SetAppearanceIntensity	All intensity values in the range are meaningful.
Appearance	appearance-reset	command	command	live and persisted	Button	Button	accepted	SettingsMessage::AppearanceReset	Reset performs a scoped command rather than representing state.
Appearance	appearance-list-scroll	viewport offset	read/write	immediate	VerticalScroll	VerticalScroll	accepted	SettingsMessage::AppearanceScroll	AppearanceScroll is shared viewport state and not a setting value.
Default Apps	default-app-*	application enumeration	read/write or consent	OS-confirmed asynchronous effect	SelectField or consent Button	SelectField or consent Button	accepted	SettingsMessage::SetDefaultApp	ToggleDefaultAppSelect and SetDefaultApp serve direct platforms; RequestDefaultAppConsent exposes truthful native consent.
Default Apps	default-app-advanced-target	searchable platform association target	read/write	load on command	SettingsSearchField plus Button	SettingsSearchField plus Button	accepted	SettingsMessage::DefaultAppTargetChanged	DefaultAppTargetChanged filters the platform-reported file and link types; BrowseDefaultAppTarget loads the selected association.
Default Apps	default-app-target-*	platform association target	command	load on command	SettingsRow plus Button	SettingsRow plus Button	accepted	SettingsMessage::BrowseDefaultAppTarget	Search results are grouped as file or link types and open the exact platform target.
Default Apps	default-app-target-family	association family filter	read/write	immediate	Button group	Button group	accepted	SettingsMessage::DefaultAppTargetFamily	The family projection groups related formats without merging their distinct operating-system association keys.
Default Apps	default-app-target-scroll	virtual catalog viewport offset	read/write	immediate	VerticalScroll	VerticalScroll	accepted	SettingsMessage::DefaultAppsScroll	The controlled offset mounts only the visible platform association targets.
Default Apps	default-app-handler-scroll	virtual handler viewport offset	read/write	immediate	VerticalScroll	VerticalScroll	accepted	SettingsMessage::DefaultAppHandlerScroll	The controlled offset mounts only visible compatible handlers and restores reveal around stable focus.
Default Apps	default-apps-list-scroll	page viewport offset	read/write	immediate	VerticalScroll	VerticalScroll	accepted	SettingsMessage::DefaultAppsPageScroll	The page scroll keeps association rows and the complete catalog reachable in compact windows.
Security & Updates	maintenance-refresh	command	command	asynchronous	Button	Button	accepted	SettingsMessage::MaintenanceRefresh	Refresh queries the typed platform maintenance authority without blocking input.
Security & Updates	maintenance-scroll	viewport offset	read/write	immediate	VerticalScroll	VerticalScroll	accepted	SettingsMessage::MaintenanceScroll	Maintenance, protection, permission, and secure-storage observations remain reachable in compact windows.
Optional Features	optional-feature-codex-enabled	requested/effective binary with unavailable and pending	read/write	live generation acknowledgement	Switch	Switch	accepted	optional-feature-codex-enabled	SetCodexEnabled uses a shared switch that separates durable request from installed capability, policy, and runtime health.
Optional Features	optional-feature-codex-source	backend-source enumeration	read/write	probe then live generation acknowledgement	SelectField	SelectField	accepted	optional-feature-codex-source	ToggleCodexSourceSelect opens the shared selector and SetCodexSource commits the choice.
Optional Features	optional-feature-codex-executable	validated path text	read/write	apply command then probe	TextField plus Button	TextField plus Button	accepted	optional-feature-codex-executable	CodexExecutablePathChanged validates text and ApplyCodexExecutable deliberately applies it.
Optional Features	optional-feature-codex-disable-confirmation	confirmation choice	command	pending transaction	Button pair	Button pair	accepted	SettingsMessage::ConfirmDisableCodex	ConfirmDisableCodex versus CancelDisableCodex resolves active-window ownership.
Optional Features	optional-feature-codex-retry	command	command	asynchronous probe	Button	Button	accepted	SettingsMessage::RetryCodexProbe	Retry is an effect, not durable state.
Optional Features	on-screen-keyboard-mode	three-way preference with runtime override	read/write	persisted generation then shell acknowledgement	RadioGroup	RadioGroup	accepted	SettingsMessage::SetOnScreenKeyboard	Automatic, On, and Off are one exclusive preference; an environment override truthfully disables editing while runtime generation reports acknowledgement.
Optional Features	on-screen-keyboard-preview	transient text	read/write	immediate and never persisted	TextField	TextField	accepted	SettingsMessage::KeyboardPreviewChanged	The shared text field owns editing semantics while Settings retains only disposable test text that is cleared when leaving the page.
Optional Features	on-screen-keyboard-try	command	command	immediate focus then acknowledged session effect	Button	Button	accepted	SettingsMessage::TryOnScreenKeyboard	The command first focuses the preview field and then requests the session keyboard; it is enabled only when runtime reports the keyboard available and surfaces request failures.
Keyboard Shortcuts	keyboard-shortcut-reference	read-only key bindings	read-only	observation	SettingsRow	SettingsRow	accepted	settings-keyboard-card-title	This page is currently an informational reference and exposes no mutable controls.
About Nickel	about-information	read-only version/platform	read-only	observation	SettingsRow	SettingsRow	accepted	settings-about-card-title	Version and platform are observations rather than controls.
